notice_id,title,department,sub_tier,office,posted_date,response_deadline,notice_type,set_aside,naics_code,classification_code,active,description,link
fd8771d40d5149598d5b5b8fca93aba6,R--TSC PEER REVIEW - CORROSION MITIGATION 2,,,,2026-02-19,,Award Notice,,541330,R499,Yes,https://api.sam.gov/prod/opportunities/v1/noticedesc?noticeid=fd8771d40d5149598d5b5b8fca93aba6,https://sam.gov/opp/fd8771d40d5149598d5b5b8fca93aba6/view
f7fd3b80c09d45769eb51d8885f01d43,Spectrum Information Systems (SIS) Helpdesk,,,,2026-02-19,2026-02-26T16:00:00-05:00,Sources Sought,SBA,541330,,Yes,https://api.sam.gov/prod/opportunities/v1/noticedesc?noticeid=f7fd3b80c09d45769eb51d8885f01d43,https://sam.gov/opp/f7fd3b80c09d45769eb51d8885f01d43/view
e7929eb6ae084f4d9668a96a3e5695c9,Surveillance and Tracking RADAR Processors (STRAP) Support Services,,,,2026-02-19,2026-03-18T10:00:00-04:00,Sources Sought,,541330,R425,Yes,https://api.sam.gov/prod/opportunities/v1/noticedesc?noticeid=e7929eb6ae084f4d9668a96a3e5695c9,https://sam.gov/opp/e7929eb6ae084f4d9668a96a3e5695c9/view
e295f294f4704342bf57cb27c6194bdc,$238M SPK Civil Works AE MATOC,,,,2026-02-19,2026-03-02T14:00:00-08:00,Solicitation,,541330,C219,Yes,https://api.sam.gov/prod/opportunities/v1/noticedesc?noticeid=e295f294f4704342bf57cb27c6194bdc,https://sam.gov/opp/e295f294f4704342bf57cb27c6194bdc/view
d86f8fd3b3444331948a67f4f1a0f663,R--TSC PEER REVIEW - CORROSION MITIGATION,,,,2026-02-19,,Award Notice,,541330,R499,Yes,https://api.sam.gov/prod/opportunities/v1/noticedesc?noticeid=d86f8fd3b3444331948a67f4f1a0f663,https://sam.gov/opp/d86f8fd3b3444331948a67f4f1a0f663/view
c78535582d04496db2d2fe313825177b,Area of Interest (AOI): Cyber Resource and Engineering Workforce (CREW) under CSO N0003925S0001,,,,2026-02-19,2026-03-05T14:00:00-08:00,Solicitation,,541330,DD01,Yes,https://api.sam.gov/prod/opportunities/v1/noticedesc?noticeid=c78535582d04496db2d2fe313825177b,https://sam.gov/opp/c78535582d04496db2d2fe313825177b/view
a5166fe4d9904707b9cac7788049419d,ELECTROMAGNETIC WARFARE (EW) FLEET SUPPORT TEAM (FST) SERVICES,,,,2026-02-19,2026-03-23T14:00:00-04:00,Solicitation,NONE,541330,R425,Yes,https://api.sam.gov/prod/opportunities/v1/noticedesc?noticeid=a5166fe4d9904707b9cac7788049419d,https://sam.gov/opp/a5166fe4d9904707b9cac7788049419d/view
a2f37e12501640bb80ee02aa14f54a11,MTNG Architect-Engineer (A-E) Single Award Task Order Contract (SATOC),,,,2026-02-19,2026-03-16T10:00:00-06:00,Solicitation,SBA,541330,C211,Yes,https://api.sam.gov/prod/opportunities/v1/noticedesc?noticeid=a2f37e12501640bb80ee02aa14f54a11,https://sam.gov/opp/a2f37e12501640bb80ee02aa14f54a11/view
96ff26402219443b84549e2aebc56e53,C1NZ--659-26-700 | AE Replace Steam and Condensate Piping |  Salisbury VAMC,,,,2026-02-19,2026-04-17T15:00:00-04:00,Presolicitation,SDVOSBC,541330,C1NZ,Yes,https://api.sam.gov/prod/opportunities/v1/noticedesc?noticeid=96ff26402219443b84549e2aebc56e53,https://sam.gov/opp/96ff26402219443b84549e2aebc56e53/view
8cb9cd77b9af474199c79262f06fb3bc,R--TSC PEER REVIEW - CORROSION MITIGATION 3,,,,2026-02-19,,Award Notice,,541330,R499,Yes,https://api.sam.gov/prod/opportunities/v1/noticedesc?noticeid=8cb9cd77b9af474199c79262f06fb3bc,https://sam.gov/opp/8cb9cd77b9af474199c79262f06fb3bc/view
80ef2dd09aaf451aa7573a8cdd8e2070,MYNAVY HUMAN RESOURCES (HR) INFORMATION TECHNOLOGY (IT) SOLUTIONS MANPOWER AND PERSONNEL SYSTEMS *SEAPORT SB SET-ASIDE*,,,,2026-02-19,2026-02-25T12:00:00-05:00,Solicitation,SBA,541330,R425,Yes,https://api.sam.gov/prod/opportunities/v1/noticedesc?noticeid=80ef2dd09aaf451aa7573a8cdd8e2070,https://sam.gov/opp/80ef2dd09aaf451aa7573a8cdd8e2070/view
71d08d5f2baa46ceb370af8ba63fd4a1,ELECTROMAGNETIC WARFARE (EW) DEPOT SERVICES,,,,2026-02-19,2026-03-23T14:00:00-04:00,Solicitation,NONE,541330,R425,Yes,https://api.sam.gov/prod/opportunities/v1/noticedesc?noticeid=71d08d5f2baa46ceb370af8ba63fd4a1,https://sam.gov/opp/71d08d5f2baa46ceb370af8ba63fd4a1/view
659ee0cddffa4ad48bbc9bc9e15d6c8f,Digital Fires System Engineer (DFSE),,,,2026-02-19,2026-02-26T15:00:00-06:00,Combined Synopsis/Solicitation,SDVOSBC,541330,R425,Yes,https://api.sam.gov/prod/opportunities/v1/noticedesc?noticeid=659ee0cddffa4ad48bbc9bc9e15d6c8f,https://sam.gov/opp/659ee0cddffa4ad48bbc9bc9e15d6c8f/view
64f29bf8399f4cd3930d9c0bb5f89ee2,"2027 Flight Test Instrumentation (FTI)Development, Production, Support, and Installation",,,,2026-02-19,2026-03-06T00:30:00-05:00,Presolicitation,NONE,541330,H914,Yes,https://api.sam.gov/prod/opportunities/v1/noticedesc?noticeid=64f29bf8399f4cd3930d9c0bb5f89ee2,https://sam.gov/opp/64f29bf8399f4cd3930d9c0bb5f89ee2/view
3ec351c545f245668e32ef71f3b34c8b,Combat System Systems Engineering,,,,2026-02-19,2026-03-04T12:00:00-05:00,Solicitation,,541330,R425,Yes,https://api.sam.gov/prod/opportunities/v1/noticedesc?noticeid=3ec351c545f245668e32ef71f3b34c8b,https://sam.gov/opp/3ec351c545f245668e32ef71f3b34c8b/view
39962b25d1ba427a89bfe2db07fbf2e7,Heated Air Supply – Market Intelligence Request,,,,2026-02-19,2026-03-06T10:00:00-06:00,Sources Sought,,541330,,Yes,https://api.sam.gov/prod/opportunities/v1/noticedesc?noticeid=39962b25d1ba427a89bfe2db07fbf2e7,https://sam.gov/opp/39962b25d1ba427a89bfe2db07fbf2e7/view
367cd5a7289447dc9962d3f89e835aa0,Fair Opportunity Exception - C4I Zone Integration (ZI) and Alteration Installation Team (AIT) completion,,,,2026-02-19,,Justification,,541330,L058,Yes,https://api.sam.gov/prod/opportunities/v1/noticedesc?noticeid=367cd5a7289447dc9962d3f89e835aa0,https://sam.gov/opp/367cd5a7289447dc9962d3f89e835aa0/view
dd93161961f846d185e04364ae53be3a,679-19-101 | Correct Critical Access and ADA Deficiencies Building 61 -CPS,,,,2026-02-18,2026-03-04T13:00:00-05:00,Special Notice,,541330,C1DA,Yes,https://api.sam.gov/prod/opportunities/v1/noticedesc?noticeid=dd93161961f846d185e04364ae53be3a,https://sam.gov/opp/dd93161961f846d185e04364ae53be3a/view
daefe73174d3460e964208904854aa43,"DRAFT RFP/FOPR Force Protection Counter-small Unmanned Aircraft Systems (C-sUAS) Sustainment, Engineering, & Integration Services (SEIS)",,,,2026-02-18,2026-03-16T17:00:00-04:00,Presolicitation,SBA,541330,J063,Yes,https://api.sam.gov/prod/opportunities/v1/noticedesc?noticeid=daefe73174d3460e964208904854aa43,https://sam.gov/opp/daefe73174d3460e964208904854aa43/view
c5e0e604bc08491294245a256b970dcd,Naval Small Craft Instruction & Technical Training School Bridge,,,,2026-02-18,2026-02-28T12:00:00-05:00,Solicitation,NONE,541330,R499,Yes,https://api.sam.gov/prod/opportunities/v1/noticedesc?noticeid=c5e0e604bc08491294245a256b970dcd,https://sam.gov/opp/c5e0e604bc08491294245a256b970dcd/view
bf1cc81a12e6483997a6d6390a4741a1,Purdue University Temperature Measurement,,,,2026-02-18,2026-02-26T10:00:00-05:00,Special Notice,,541330,B529,Yes,https://api.sam.gov/prod/opportunities/v1/noticedesc?noticeid=bf1cc81a12e6483997a6d6390a4741a1,https://sam.gov/opp/bf1cc81a12e6483997a6d6390a4741a1/view
b31eb145745e47c08c9a508bb5a2395c,Architect-Engineer (A-E) Services for Offutt AFB,,,,2026-02-18,2026-03-06T16:00:00-06:00,Sources Sought,SBA,541330,C220,Yes,https://api.sam.gov/prod/opportunities/v1/noticedesc?noticeid=b31eb145745e47c08c9a508bb5a2395c,https://sam.gov/opp/b31eb145745e47c08c9a508bb5a2395c/view
a0ac71f1bce94f22a7f93ce8d4881cf3,RFI TCS 8(a) VIK TDP PI,,,,2026-02-18,2026-03-17T23:59:00-04:00,Sources Sought,8A,541330,7650,Yes,https://api.sam.gov/prod/opportunities/v1/noticedesc?noticeid=a0ac71f1bce94f22a7f93ce8d4881cf3,https://sam.gov/opp/a0ac71f1bce94f22a7f93ce8d4881cf3/view
7eff3e6cc0a7443d829bf7ed6aac841c,SOLE SOURCE- NEXT-GEN OPIR POLAR SOFTWARE DEPOT ACTIVATION GAP ANALYSIS,,,,2026-02-18,2026-03-20T18:00:00-04:00,Solicitation,,541330,R425,Yes,https://api.sam.gov/prod/opportunities/v1/noticedesc?noticeid=7eff3e6cc0a7443d829bf7ed6aac841c,https://sam.gov/opp/7eff3e6cc0a7443d829bf7ed6aac841c/view
6e072b9d92f346309d5a72f707123d11,Engineering and Logistics Support (ELS),,,,2026-02-18,2026-03-09T15:00:00-07:00,Sources Sought,SBA,541330,R425,Yes,https://api.sam.gov/prod/opportunities/v1/noticedesc?noticeid=6e072b9d92f346309d5a72f707123d11,https://sam.gov/opp/6e072b9d92f346309d5a72f707123d11/view
4a3af21f85b640738be3397001602147,C1DA--Engineering Services  MATOC IDIQ  Request for SF330s,,,,2026-02-18,2026-02-28T08:09:00-08:00,Special Notice,SDVOSBC,541330,C1DA,Yes,https://api.sam.gov/prod/opportunities/v1/noticedesc?noticeid=4a3af21f85b640738be3397001602147,https://sam.gov/opp/4a3af21f85b640738be3397001602147/view
4712370c62d54513bfa1799e1dcf6df0,C1DA--Renovate Restrooms,,,,2026-02-18,2026-03-13T10:00:00-04:00,Presolicitation,SDVOSBC,541330,C1DA,Yes,https://api.sam.gov/prod/opportunities/v1/noticedesc?noticeid=4712370c62d54513bfa1799e1dcf6df0,https://sam.gov/opp/4712370c62d54513bfa1799e1dcf6df0/view
fe834c0b5507424783a981760a4d7984,Naval Sea Logistics Center Readiness Based Sparing Services,,,,2026-02-17,2026-02-23T15:00:00-05:00,Solicitation,WOSB,541330,R425,Yes,https://api.sam.gov/prod/opportunities/v1/noticedesc?noticeid=fe834c0b5507424783a981760a4d7984,https://sam.gov/opp/fe834c0b5507424783a981760a4d7984/view
f582abdca6c04520bbfba7d74994d04c,CANES Tactical Networks Market Survey,,,,2026-02-17,2026-02-27T14:00:00-05:00,Sources Sought,SBA,541330,DG10,Yes,https://api.sam.gov/prod/opportunities/v1/noticedesc?noticeid=f582abdca6c04520bbfba7d74994d04c,https://sam.gov/opp/f582abdca6c04520bbfba7d74994d04c/view
de67bfe3e7714d189ecd61b7fce81f35,CNSP Financial Analyst Support - SEAPORT,,,,2026-02-17,2026-03-02T09:00:00-08:00,Solicitation,WOSB,541330,R425,Yes,https://api.sam.gov/prod/opportunities/v1/noticedesc?noticeid=de67bfe3e7714d189ecd61b7fce81f35,https://sam.gov/opp/de67bfe3e7714d189ecd61b7fce81f35/view
bf16350a657b4938a10fb27e6e60726e,C1DA--618-26-701 - EHRM Infrastructure - Construction Period  Services (VA-26-00039072),,,,2026-02-17,2026-03-11T13:00:00-04:00,Special Notice,,541330,C1DA,Yes,https://api.sam.gov/prod/opportunities/v1/noticedesc?noticeid=bf16350a657b4938a10fb27e6e60726e,https://sam.gov/opp/bf16350a657b4938a10fb27e6e60726e/view
6f5c281e46464735b058a66fe2c31506,"R--BIA, Demolition of Tonalea Building, Tonalea, AZ",,,,2026-02-17,2026-02-19T15:00:00-07:00,Combined Synopsis/Solicitation,ISBEE,541330,R425,Yes,https://api.sam.gov/prod/opportunities/v1/noticedesc?noticeid=6f5c281e46464735b058a66fe2c31506,https://sam.gov/opp/6f5c281e46464735b058a66fe2c31506/view
6dd823c8a0d340f39060e6a890887411,W912DY26RA032,,,,2026-02-17,2026-02-18T09:00:00-06:00,Solicitation,WOSB,541330,F999,Yes,https://api.sam.gov/prod/opportunities/v1/noticedesc?noticeid=6dd823c8a0d340f39060e6a890887411,https://sam.gov/opp/6dd823c8a0d340f39060e6a890887411/view
661bf284573348a5802693f9fd9253f0,"Electrical, Mechanical, and General Infrastructure Projects",,,,2026-02-17,2026-03-17T15:00:00-04:00,Sources Sought,NONE,541330,R425,Yes,https://api.sam.gov/prod/opportunities/v1/noticedesc?noticeid=661bf284573348a5802693f9fd9253f0,https://sam.gov/opp/661bf284573348a5802693f9fd9253f0/view
58dadf3a627744f99ace3d677fbbf7c2,"C--INDEFINITE DELIVERY CONTRACT FOR GEOTECHNICAL DESIGN, CORE DRILLING AND LABORATORY TESTING WITHIN THE BOUNDARIES OF THE JACKSONVILLE DISTRICT",,,,2026-02-17,2026-03-02T15:00:00-04:00,Solicitation,,541330,C219,Yes,https://api.sam.gov/prod/opportunities/v1/noticedesc?noticeid=58dadf3a627744f99ace3d677fbbf7c2,https://sam.gov/opp/58dadf3a627744f99ace3d677fbbf7c2/view
5843983afe1f4e9a9ec1a9c2319d0dc4,MARMC Technical and Professional Services,,,,2026-02-17,2026-03-04T14:00:00-05:00,Sources Sought,SBA,541330,L020,Yes,https://api.sam.gov/prod/opportunities/v1/noticedesc?noticeid=5843983afe1f4e9a9ec1a9c2319d0dc4,https://sam.gov/opp/5843983afe1f4e9a9ec1a9c2319d0dc4/view
5802680985e14d1b94c176987f0cbe51,Indefinite Delivery/Indefinite Quantity (IDIQ) Contract for Multi-Discipline Architect-Engineer (AE) Services Primarily Located in the Marine Corps AOR,,,,2026-02-17,2026-04-02T14:00:00-04:00,Combined Synopsis/Solicitation,,541330,C219,Yes,https://api.sam.gov/prod/opportunities/v1/noticedesc?noticeid=5802680985e14d1b94c176987f0cbe51,https://sam.gov/opp/5802680985e14d1b94c176987f0cbe51/view
4bb8610558044676bb9fa9b668167c00,"N6600126R0001 - Cyberspace Science, Research, Engineering and Technology Integration Unrestricted Multiple Award Contract (MAC)",,,,2026-02-17,2026-03-19T11:00:00-08:00,Solicitation,,541330,AC12,Yes,https://api.sam.gov/prod/opportunities/v1/noticedesc?noticeid=4bb8610558044676bb9fa9b668167c00,https://sam.gov/opp/4bb8610558044676bb9fa9b668167c00/view
401e65f3489843ebadd939fe70b46045,Request for Information | F-15 Avionics Systems Supportability Analysis,,,,2026-02-17,2026-03-18T18:00:00-04:00,Sources Sought,,541330,R425,Yes,https://api.sam.gov/prod/opportunities/v1/noticedesc?noticeid=401e65f3489843ebadd939fe70b46045,https://sam.gov/opp/401e65f3489843ebadd939fe70b46045/view
2d5683d10b244c0eb0aa67609d7fe6ee,Request for Information | F-15 Maintenance Testability Analysis Program,,,,2026-02-17,2026-03-18T18:00:00-04:00,Sources Sought,NONE,541330,R425,Yes,https://api.sam.gov/prod/opportunities/v1/noticedesc?noticeid=2d5683d10b244c0eb0aa67609d7fe6ee,https://sam.gov/opp/2d5683d10b244c0eb0aa67609d7fe6ee/view
2bfac94d358d42efb8563c3a2708de51,NAWCWD Attends Ventura Defense Industry Forum (VDIF),,,,2026-02-17,2027-04-06T16:00:00-07:00,Special Notice,,541330,R425,Yes,https://api.sam.gov/prod/opportunities/v1/noticedesc?noticeid=2bfac94d358d42efb8563c3a2708de51,https://sam.gov/opp/2bfac94d358d42efb8563c3a2708de51/view
23557d4cba564c04ae08a821a48bf80f,"C1DA--New Design - Replace OPC AHU,  OPC, 1st Floor, 2nd Floor & 3rd Floor | 570-26-315 | A and E  Design Services",,,,2026-02-17,2026-03-09T08:00:00-07:00,Presolicitation,SDVOSBC,541330,C1DA,Yes,https://api.sam.gov/prod/opportunities/v1/noticedesc?noticeid=23557d4cba564c04ae08a821a48bf80f,https://sam.gov/opp/23557d4cba564c04ae08a821a48bf80f/view
1febee1901bd4f0d86a6d2b9f1a7803a,C223--558-24-156 Install SPS AHU  A/E Services,,,,2026-02-17,,Award Notice,SDVOSBC,541330,C223,Yes,https://api.sam.gov/prod/opportunities/v1/noticedesc?noticeid=1febee1901bd4f0d86a6d2b9f1a7803a,https://sam.gov/opp/1febee1901bd4f0d86a6d2b9f1a7803a/view
638b34693b75436db90c2a1eca1c45f0,Region One A&E IDIQ,,,,2026-02-16,2026-03-04T12:00:00-06:00,Special Notice,SBA,541330,C220,Yes,https://api.sam.gov/prod/opportunities/v1/noticedesc?noticeid=638b34693b75436db90c2a1eca1c45f0,https://sam.gov/opp/638b34693b75436db90c2a1eca1c45f0/view
f664b6d7cec2469eb2f04fe8142371ce,Rapid Response Munitions Testing & Engineering Services Follow On,,,,2026-02-13,2026-02-27T16:00:00-05:00,Presolicitation,NONE,541330,H213,Yes,https://api.sam.gov/prod/opportunities/v1/noticedesc?noticeid=f664b6d7cec2469eb2f04fe8142371ce,https://sam.gov/opp/f664b6d7cec2469eb2f04fe8142371ce/view
e7ab334c75c74d7687dd0a544d4d3435,Advance Notice: N6660426R3102: NUWCDIVNPT Code 107 PAS Services,,,,2026-02-13,2026-03-02T14:00:00-05:00,Presolicitation,SDVOSBC,541330,R706,Yes,https://api.sam.gov/prod/opportunities/v1/noticedesc?noticeid=e7ab334c75c74d7687dd0a544d4d3435,https://sam.gov/opp/e7ab334c75c74d7687dd0a544d4d3435/view
e171a8b99f744bf2946fed95e326c78b,HF 2035 Strategic Infrastructure Plan,,,,2026-02-13,2026-02-20T14:00:00-06:00,Sources Sought,,541330,C219,Yes,https://api.sam.gov/prod/opportunities/v1/noticedesc?noticeid=e171a8b99f744bf2946fed95e326c78b,https://sam.gov/opp/e171a8b99f744bf2946fed95e326c78b/view
b62af8de452d4d62ac56fa19d1939cd7,AFSI MATOC ATG-R,,,,2026-02-13,2026-03-13T17:00:00-04:00,Solicitation,NONE,541330,R425,Yes,https://api.sam.gov/prod/opportunities/v1/noticedesc?noticeid=b62af8de452d4d62ac56fa19d1939cd7,https://sam.gov/opp/b62af8de452d4d62ac56fa19d1939cd7/view
98c524fd61c84d219b3c31fa8cc9453d,Less Than Lethal (LTL) Technical Security Systems (TSS) Product,,,,2026-02-13,2026-03-13T16:00:00-04:00,Sources Sought,,541330,,Yes,https://api.sam.gov/prod/opportunities/v1/noticedesc?noticeid=98c524fd61c84d219b3c31fa8cc9453d,https://sam.gov/opp/98c524fd61c84d219b3c31fa8cc9453d/view
928455b6fb314af6ad4590493c934f8b,Synopsis for Architect-Engineer (A/E) Indefinite Deliver/Indefinite Quantity Contract for GeoTechnical and GeoEnvironmental Engineering and Related Services,,,,2026-02-13,2026-03-31T03:00:00-05:00,Combined Synopsis/Solicitation,,541330,C219,Yes,https://api.sam.gov/prod/opportunities/v1/noticedesc?noticeid=928455b6fb314af6ad4590493c934f8b,https://sam.gov/opp/928455b6fb314af6ad4590493c934f8b/view
2c09201612474f089d3209ee44267bdc,OCONUS Integrated Electronic Security Systems (IESS) Sustainment Support,,,,2026-02-13,,Presolicitation,,541330,J063,Yes,https://api.sam.gov/prod/opportunities/v1/noticedesc?noticeid=2c09201612474f089d3209ee44267bdc,https://sam.gov/opp/2c09201612474f089d3209ee44267bdc/view
2862c13ea1344ceaad36063e7a7fd08d,Ultrasonic Side Scan Testing Services,,,,2026-02-13,2026-02-24T14:00:00-05:00,Sources Sought,NONE,541330,H219,Yes,https://api.sam.gov/prod/opportunities/v1/noticedesc?noticeid=2862c13ea1344ceaad36063e7a7fd08d,https://sam.gov/opp/2862c13ea1344ceaad36063e7a7fd08d/view
280af3c1ffe645e8a5237905b94eefe8,SEAPORT SDVOSB Set Aside - BUMED N6 CISS,,,,2026-02-13,2026-03-02T12:00:00-04:00,Solicitation,,541330,R425,Yes,https://api.sam.gov/prod/opportunities/v1/noticedesc?noticeid=280af3c1ffe645e8a5237905b94eefe8,https://sam.gov/opp/280af3c1ffe645e8a5237905b94eefe8/view
f343b7e405b34868b78e24df25aa907d,R408 - Digital Integration Transition,,,,2026-02-12,2026-02-19T12:00:00-04:00,Combined Synopsis/Solicitation,,541330,R408,Yes,https://api.sam.gov/prod/opportunities/v1/noticedesc?noticeid=f343b7e405b34868b78e24df25aa907d,https://sam.gov/opp/f343b7e405b34868b78e24df25aa907d/view
e73a7dd82e3a45b7b27c3cd113ced057,Aircraft Carrier Readiness Support,,,,2026-02-12,2026-03-09T10:00:00-04:00,Solicitation,NONE,541330,R425,Yes,https://api.sam.gov/prod/opportunities/v1/noticedesc?noticeid=e73a7dd82e3a45b7b27c3cd113ced057,https://sam.gov/opp/e73a7dd82e3a45b7b27c3cd113ced057/view
de5e39a4965c410287da19c316077799,A Case Study for Using A Systems Engineering Approach to Demonstrate Assurance Against Common Cause Failure in Operating and New/Advanced Reactor Technologies.,,,,2026-02-12,2026-02-26T17:00:00-05:00,Sources Sought,,541330,,Yes,https://api.sam.gov/prod/opportunities/v1/noticedesc?noticeid=de5e39a4965c410287da19c316077799,https://sam.gov/opp/de5e39a4965c410287da19c316077799/view
b58bfc677ebd497aa89c5bd50bc4eff4,C1DA--652-25-111 Repair USP 800 AC-59 (VA-26-00019017),,,,2026-02-12,2026-03-12T17:00:00-04:00,Presolicitation,SDVOSBC,541330,C1DA,Yes,https://api.sam.gov/prod/opportunities/v1/noticedesc?noticeid=b58bfc677ebd497aa89c5bd50bc4eff4,https://sam.gov/opp/b58bfc677ebd497aa89c5bd50bc4eff4/view
a95fe10c6f544704848732fca0382293,C1DZ--Build Out B500-3A Shell for ICU,,,,2026-02-12,2026-02-27T11:00:00-05:00,Special Notice,,541330,C1DZ,Yes,https://api.sam.gov/prod/opportunities/v1/noticedesc?noticeid=a95fe10c6f544704848732fca0382293,https://sam.gov/opp/a95fe10c6f544704848732fca0382293/view
a6767733e2d747bfa0bec64c7e99656a,BAS- Building automation services,,,,2026-02-12,2026-02-18T15:00:00-06:00,Solicitation,NONE,541330,C214,Yes,https://api.sam.gov/prod/opportunities/v1/noticedesc?noticeid=a6767733e2d747bfa0bec64c7e99656a,https://sam.gov/opp/a6767733e2d747bfa0bec64c7e99656a/view
a2c06b404f45492f875774ed255389ad,R425--FY26 Services (Base only) - Albany VAMC Lockout  Tagout/Energy Control Procedures,,,,2026-02-12,2026-03-04T12:00:00-05:00,Combined Synopsis/Solicitation,SDVOSBC,541330,R425,Yes,https://api.sam.gov/prod/opportunities/v1/noticedesc?noticeid=a2c06b404f45492f875774ed255389ad,https://sam.gov/opp/a2c06b404f45492f875774ed255389ad/view
8aa009cf19244586a8ce022a2841e8aa,"619a4-24-102 | Replace Roofs Buildings 19, 20, 50, 51 and 62,  CPS",,,,2026-02-12,2026-02-27T13:00:00-05:00,Presolicitation,NONE,541330,C1DA,Yes,https://api.sam.gov/prod/opportunities/v1/noticedesc?noticeid=8aa009cf19244586a8ce022a2841e8aa,https://sam.gov/opp/8aa009cf19244586a8ce022a2841e8aa/view
81a4b4e5e6344d1f955389365c065381,"C1DA--619-26-1-5375-0004, AE CPS, 619A4-23-106, Correct the  Mechanical / Fixtures and Piping for Buildings 2, 4, 4A  (VA-26-00025896)",,,,2026-02-12,2026-02-27T13:00:00-05:00,Presolicitation,,541330,C1DA,Yes,https://api.sam.gov/prod/opportunities/v1/noticedesc?noticeid=81a4b4e5e6344d1f955389365c065381,https://sam.gov/opp/81a4b4e5e6344d1f955389365c065381/view
805e24d9fb204c5691eb0c8ce72356b5,Sea Range Safety Surveillance Services,,,,2026-02-12,2026-03-04T14:00:00-08:00,Sources Sought,,541330,AC33,Yes,https://api.sam.gov/prod/opportunities/v1/noticedesc?noticeid=805e24d9fb204c5691eb0c8ce72356b5,https://sam.gov/opp/805e24d9fb204c5691eb0c8ce72356b5/view
6d2b152f437f4145a446d2faa251ec15,Architect Engineering SATOC Coastal Storm Risk Management (CSRM) Charleston Peninsula PED,,,,2026-02-12,2026-02-17T14:00:00-05:00,Combined Synopsis/Solicitation,,541330,C219,Yes,https://api.sam.gov/prod/opportunities/v1/noticedesc?noticeid=6d2b152f437f4145a446d2faa251ec15,https://sam.gov/opp/6d2b152f437f4145a446d2faa251ec15/view
6cf7187fa08f45cd8cfd68ef977a022b,NAVWAR HQ 1.0 Accounting Support Services,,,,2026-02-12,2026-02-25T15:30:00-08:00,Solicitation,SBA,541330,R710,Yes,https://api.sam.gov/prod/opportunities/v1/noticedesc?noticeid=6cf7187fa08f45cd8cfd68ef977a022b,https://sam.gov/opp/6cf7187fa08f45cd8cfd68ef977a022b/view
64e846714fd14d549d3431c5d9d7b9ee,Code 70 Business Services - Advance Notice,,,,2026-02-12,2026-02-24T14:00:00-05:00,Presolicitation,SDVOSBC,541330,AC34,Yes,https://api.sam.gov/prod/opportunities/v1/noticedesc?noticeid=64e846714fd14d549d3431c5d9d7b9ee,https://sam.gov/opp/64e846714fd14d549d3431c5d9d7b9ee/view
60531a39ad794f39bde2a89f2a7ea309,C1DZ--620A4-22-103 CPS for Roofs Replacement,,,,2026-02-12,,Award Notice,SDVOSBC,541330,C1DZ,Yes,https://api.sam.gov/prod/opportunities/v1/noticedesc?noticeid=60531a39ad794f39bde2a89f2a7ea309,https://sam.gov/opp/60531a39ad794f39bde2a89f2a7ea309/view
5dc0e952d3934c5eb761ca7dcc253ff7,Instrument Interface Design and Analyses Work for NASA’s Boeing 777 Aircraft,,,,2026-02-12,2026-02-17T12:00:00-06:00,Special Notice,SBA,541330,AJ11,Yes,https://api.sam.gov/prod/opportunities/v1/noticedesc?noticeid=5dc0e952d3934c5eb761ca7dcc253ff7,https://sam.gov/opp/5dc0e952d3934c5eb761ca7dcc253ff7/view
52af291805124079944baf7a19ea08b0,619A4-25-102 | Correct Egress Doors Deficiencies - AE CPS,,,,2026-02-12,2026-02-27T13:00:00-05:00,Presolicitation,SDVOSBS,541330,C1DA,Yes,https://api.sam.gov/prod/opportunities/v1/noticedesc?noticeid=52af291805124079944baf7a19ea08b0,https://sam.gov/opp/52af291805124079944baf7a19ea08b0/view
51f5c33de5954eaaaf4b76dfaad61717,MARMC C271 Peculiar Special & Support Equipment (PSSE) Support,,,,2026-02-12,2026-02-27T14:30:00-05:00,Sources Sought,NONE,541330,L020,Yes,https://api.sam.gov/prod/opportunities/v1/noticedesc?noticeid=51f5c33de5954eaaaf4b76dfaad61717,https://sam.gov/opp/51f5c33de5954eaaaf4b76dfaad61717/view
4754475d759246f8820cecd887eaf6d3,508-22-104 | Upgrade PACS System - CPS Services,,,,2026-02-12,2026-02-27T13:00:00-05:00,Presolicitation,SDVOSBS,541330,C1DA,Yes,https://api.sam.gov/prod/opportunities/v1/noticedesc?noticeid=4754475d759246f8820cecd887eaf6d3,https://sam.gov/opp/4754475d759246f8820cecd887eaf6d3/view
4519fb1e9a9f4448b03ca4937cb46511,C1DA--A/E Replace Existing Substation A9  Project 642-26-117  NCO4 Construction East,,,,2026-02-12,,Presolicitation,SDVOSBC,541330,C1DA,Yes,https://api.sam.gov/prod/opportunities/v1/noticedesc?noticeid=4519fb1e9a9f4448b03ca4937cb46511,https://sam.gov/opp/4519fb1e9a9f4448b03ca4937cb46511/view
41a4fd5e772c4bf6bbde431acd9d3711,RFP N0016726R3000 - Engineering Services for Signature Silencing Programs,,,,2026-02-12,2026-03-16T16:00:00-04:00,Solicitation,,541330,R425,Yes,https://api.sam.gov/prod/opportunities/v1/noticedesc?noticeid=41a4fd5e772c4bf6bbde431acd9d3711,https://sam.gov/opp/41a4fd5e772c4bf6bbde431acd9d3711/view
3093b18272fa4ce095e625be105110d6,Joint Strike Fighter Missionized Gun POD Installation and Removal Training,,,,2026-02-12,2026-02-19T22:00:00-05:00,Special Notice,,541330,J010,Yes,https://api.sam.gov/prod/opportunities/v1/noticedesc?noticeid=3093b18272fa4ce095e625be105110d6,https://sam.gov/opp/3093b18272fa4ce095e625be105110d6/view
27edfefc243a44c192746c3e805627e2,"Engineering Services: A-10, B-1, C-5, C-130, C-141, F-15, F-16 & KC-135",,,,2026-02-12,2026-02-27T16:30:00-07:00,Sources Sought,SBA,541330,R425,Yes,https://api.sam.gov/prod/opportunities/v1/noticedesc?noticeid=27edfefc243a44c192746c3e805627e2,https://sam.gov/opp/27edfefc243a44c192746c3e805627e2/view
f975673fd21e46699e4096649c2abe3d,H20 Engineering Services,,,,2026-02-11,2026-03-09T12:00:00-04:00,Presolicitation,SBA,541330,R425,Yes,https://api.sam.gov/prod/opportunities/v1/noticedesc?noticeid=f975673fd21e46699e4096649c2abe3d,https://sam.gov/opp/f975673fd21e46699e4096649c2abe3d/view
f1d5229539b64648b31ead4aaf4881ff,Justification and Approval for Use of Other Than Full and Open Competition - WFI Region 3,,,,2026-02-11,,Justification,,541330,C219,Yes,https://api.sam.gov/prod/opportunities/v1/noticedesc?noticeid=f1d5229539b64648b31ead4aaf4881ff,https://sam.gov/opp/f1d5229539b64648b31ead4aaf4881ff/view
edf9a9e80e3a46a9aab5ba2e4d133681,Watch Standers,,,,2026-02-11,2026-02-23T10:00:00+01:00,Sources Sought,NONE,541330,DG01,Yes,https://api.sam.gov/prod/opportunities/v1/noticedesc?noticeid=edf9a9e80e3a46a9aab5ba2e4d133681,https://sam.gov/opp/edf9a9e80e3a46a9aab5ba2e4d133681/view
b274d011570f4b0d93cd2daf8677049e,Justification and Approval for Use of Other Than Full and Open Competition WFI Region 1,,,,2026-02-11,,Justification,,541330,C219,Yes,https://api.sam.gov/prod/opportunities/v1/noticedesc?noticeid=b274d011570f4b0d93cd2daf8677049e,https://sam.gov/opp/b274d011570f4b0d93cd2daf8677049e/view
ac64186d74aa432e8eb5244f8031a89d,M67854-26-R-3001 USMC PdM IW Support Services Amendment 001 and Q&A,,,,2026-02-11,2026-03-05T13:30:00-05:00,Special Notice,SBA,541330,R408,Yes,https://api.sam.gov/prod/opportunities/v1/noticedesc?noticeid=ac64186d74aa432e8eb5244f8031a89d,https://sam.gov/opp/ac64186d74aa432e8eb5244f8031a89d/view
aba4dd67a3064406827ddc744fc579a6,Consolidation/Substantially Bundle - Electronic Warfare Depot Seaport Task Order,,,,2026-02-11,,Consolidate/(Substantially) Bundle,,541330,R425,Yes,https://api.sam.gov/prod/opportunities/v1/noticedesc?noticeid=aba4dd67a3064406827ddc744fc579a6,https://sam.gov/opp/aba4dd67a3064406827ddc744fc579a6/view
a3deb79197064729b4fa56b9ec96742f,Justification and Approval for Use of Other Than Full and Open Competition - WFI Region 2,,,,2026-02-11,,Justification,,541330,C219,Yes,https://api.sam.gov/prod/opportunities/v1/noticedesc?noticeid=a3deb79197064729b4fa56b9ec96742f,https://sam.gov/opp/a3deb79197064729b4fa56b9ec96742f/view
90afcbb8f748426790b231db8b3e61ac,Justification and Approval for Use of Other Than Full and Open Competition - WFI Region 5 OCONUS,,,,2026-02-11,,Justification,,541330,C219,Yes,https://api.sam.gov/prod/opportunities/v1/noticedesc?noticeid=90afcbb8f748426790b231db8b3e61ac,https://sam.gov/opp/90afcbb8f748426790b231db8b3e61ac/view
6cb867e76bb4405ca046c97ee3742738,Justification and Approval for Use of Other Than Full and Open Competition - WFI Region 4,,,,2026-02-11,,Justification,,541330,C219,Yes,https://api.sam.gov/prod/opportunities/v1/noticedesc?noticeid=6cb867e76bb4405ca046c97ee3742738,https://sam.gov/opp/6cb867e76bb4405ca046c97ee3742738/view
692c59a3055747099b897e4db80ffe2e,F-35 Radar Sustainment Support Follow-On,,,,2026-02-11,2026-02-18T16:00:00-05:00,Presolicitation,,541330,R425,Yes,https://api.sam.gov/prod/opportunities/v1/noticedesc?noticeid=692c59a3055747099b897e4db80ffe2e,https://sam.gov/opp/692c59a3055747099b897e4db80ffe2e/view
5d88baf5ac3e4319817fa5cf9ecab392,Offutt Air Force Base High-Altitude Electromagnetic Pulse (HEMP) Hardness Maintenance/Hardness Surveillance (HM/HS) Engineering/Technical Support and Enhancements,,,,2026-02-11,2026-02-27T14:00:00-06:00,Solicitation,NONE,541330,R425,Yes,https://api.sam.gov/prod/opportunities/v1/noticedesc?noticeid=5d88baf5ac3e4319817fa5cf9ecab392,https://sam.gov/opp/5d88baf5ac3e4319817fa5cf9ecab392/view
554fc84e3759453c88ae6e6ac748d34c,"Engineering, Logistics, Technical, and Program Management Support",,,,2026-02-11,2026-02-17T12:00:00-05:00,Solicitation,SBA,541330,R425,Yes,https://api.sam.gov/prod/opportunities/v1/noticedesc?noticeid=554fc84e3759453c88ae6e6ac748d34c,https://sam.gov/opp/554fc84e3759453c88ae6e6ac748d34c/view
4feb9db4078a4178ba9ff2000e5c1c90,Solicitation Notice_CNATRA COMS_FTSS V,,,,2026-02-11,2026-02-17T10:00:00-05:00,Solicitation,,541330,J069,Yes,https://api.sam.gov/prod/opportunities/v1/noticedesc?noticeid=4feb9db4078a4178ba9ff2000e5c1c90,https://sam.gov/opp/4feb9db4078a4178ba9ff2000e5c1c90/view
4da759efd4af4a4cb7fecc03a4d0fb45,CNAP/CNAL/CPRG Aviation Fleet Transition Support - SeaPort,,,,2026-02-11,2026-03-09T12:00:00-07:00,Solicitation,SDVOSBC,541330,R699,Yes,https://api.sam.gov/prod/opportunities/v1/noticedesc?noticeid=4da759efd4af4a4cb7fecc03a4d0fb45,https://sam.gov/opp/4da759efd4af4a4cb7fecc03a4d0fb45/view
3e30d4997eca499fb1db0af41b2b02a1,"N40085-26-R-0070 IDIQ CONTRACT FOR MULTI-DISCIPLINE ARCHITECT-ENGINEER (A-E) SERVICES IN SUPPORT OF MECHANICAL ELECTRICAL & PLUMBING (MEP) SMALL PROJECTS PRIMARILY AT PWD CRANE, INDIANA AOR INCLUDING GLENDORA TEST FACILITY, SULLIVAN, INDIANA",,,,2026-02-11,2026-02-26T14:00:00-05:00,Sources Sought,,541330,C219,Yes,https://api.sam.gov/prod/opportunities/v1/noticedesc?noticeid=3e30d4997eca499fb1db0af41b2b02a1,https://sam.gov/opp/3e30d4997eca499fb1db0af41b2b02a1/view
1af9c1382be3455db175d192578399bd,Consolidation/Substantially Bundle - Electronic Warfare Fleet Support Team (FST) SeaPort-NxG Task Order,,,,2026-02-11,,Consolidate/(Substantially) Bundle,,541330,R425,Yes,https://api.sam.gov/prod/opportunities/v1/noticedesc?noticeid=1af9c1382be3455db175d192578399bd,https://sam.gov/opp/1af9c1382be3455db175d192578399bd/view
16acc2a1934749ba9ff9e9659e0d7db5,"Administrative, technical and analytical support for the Joint Staff, J3, N2C3",,,,2026-02-11,2026-02-27T17:00:00-05:00,Solicitation,SBA,541330,R425,Yes,https://api.sam.gov/prod/opportunities/v1/noticedesc?noticeid=16acc2a1934749ba9ff9e9659e0d7db5,https://sam.gov/opp/16acc2a1934749ba9ff9e9659e0d7db5/view
15f6cf3e8fed4fbbbd152664b6d7f73e,Construction Management Support Services,,,,2026-02-11,2026-04-17T14:00:00-08:00,Presolicitation,SBA,541330,C219,Yes,https://api.sam.gov/prod/opportunities/v1/noticedesc?noticeid=15f6cf3e8fed4fbbbd152664b6d7f73e,https://sam.gov/opp/15f6cf3e8fed4fbbbd152664b6d7f73e/view
0b4a2f9baced49109216f0ac61c11252,Financial Improvement and Audit Readiness (FIAR) Support,,,,2026-02-11,2026-02-17T10:00:00-08:00,Presolicitation,WOSB,541330,R425,Yes,https://api.sam.gov/prod/opportunities/v1/noticedesc?noticeid=0b4a2f9baced49109216f0ac61c11252,https://sam.gov/opp/0b4a2f9baced49109216f0ac61c11252/view
012dd287bad840b1b9e37cc2240b677d,619A4-23-105 Renovate Building 10 - AE CPS,,,,2026-02-11,2026-02-27T13:00:00-05:00,Presolicitation,NONE,541330,C1DA,Yes,https://api.sam.gov/prod/opportunities/v1/noticedesc?noticeid=012dd287bad840b1b9e37cc2240b677d,https://sam.gov/opp/012dd287bad840b1b9e37cc2240b677d/view
f6c8c49e9e6d4cefbb04754f7955145f,N61331-26-R-3104 Fabrication Shop Follow On,,,,2026-02-10,2026-02-23T16:00:00-06:00,Solicitation,8A,541330,R425,Yes,https://api.sam.gov/prod/opportunities/v1/noticedesc?noticeid=f6c8c49e9e6d4cefbb04754f7955145f,https://sam.gov/opp/f6c8c49e9e6d4cefbb04754f7955145f/view
e8d29111e9a042e8a5c6c1b5ba3c099f,"Sources Sought - ENGINEERING AND TECHNICAL SUPPORT FOR THE TEST, EVALUATION, AND PROTOTYPE FABRICATION DIVISION",,,,2026-02-10,2026-02-23T16:00:00-06:00,Sources Sought,NONE,541330,AC33,Yes,https://api.sam.gov/prod/opportunities/v1/noticedesc?noticeid=e8d29111e9a042e8a5c6c1b5ba3c099f,https://sam.gov/opp/e8d29111e9a042e8a5c6c1b5ba3c099f/view
e76f0bb076c64c48a8cfe79d121c1253,"589A6-26-235, B WING INFRASTRUCTURE UPGRADES-Synopsis",,,,2026-02-10,2026-03-02T14:00:00-06:00,Presolicitation,SDVOSBC,541330,C211,Yes,https://api.sam.gov/prod/opportunities/v1/noticedesc?noticeid=e76f0bb076c64c48a8cfe79d121c1253,https://sam.gov/opp/e76f0bb076c64c48a8cfe79d121c1253/view
cabfc4b4473c4cf7abbe266b9c625845,R1 CERCLA Mine Reclamation,,,,2026-02-10,,Award Notice,NONE,541330,C219,Yes,https://api.sam.gov/prod/opportunities/v1/noticedesc?noticeid=cabfc4b4473c4cf7abbe266b9c625845,https://sam.gov/opp/cabfc4b4473c4cf7abbe266b9c625845/view
c7a22f71dccc40cda1b5053d46536bd6,Air Force DCGS Engineering Services for Crew Communications and Associated Systems Sustainment Support,,,,2026-02-10,2026-02-25T16:00:00-05:00,Sources Sought,NONE,541330,R425,Yes,https://api.sam.gov/prod/opportunities/v1/noticedesc?noticeid=c7a22f71dccc40cda1b5053d46536bd6,https://sam.gov/opp/c7a22f71dccc40cda1b5053d46536bd6/view
